jogador,utilidade
perfil4,39.33364088419836
perfil3,25.972785588780486
perfil2,-3.015719613136069
perfil1,46.68874347954008
