jogador,utilidade
perfil4,7.1210960100000005
perfil3,3.44787822
perfil2,-0.14509602000000002
perfil1,3.21080322
